,0
0,ObjectRef(298e3e66d66deed9ffffffffffffffffffffffff0100000001000000)
1,ObjectRef(664a780010703836ffffffffffffffffffffffff0100000001000000)
2,ObjectRef(5b39a414803e3f8effffffffffffffffffffffff0100000001000000)
3,ObjectRef(66736a23c9cfb453ffffffffffffffffffffffff0100000001000000)
4,ObjectRef(e7e9e65da7da64adffffffffffffffffffffffff0100000001000000)
5,ObjectRef(7a278400d21ae920ffffffffffffffffffffffff0100000001000000)
6,ObjectRef(312df9639f5af78dffffffffffffffffffffffff0100000001000000)
7,ObjectRef(77dc56ecd9a0549affffffffffffffffffffffff0100000001000000)
8,ObjectRef(667bfe78fab65b03ffffffffffffffffffffffff0100000001000000)
9,ObjectRef(ed8d71ff7ae1bec4ffffffffffffffffffffffff0100000001000000)
10,ObjectRef(2640a2e143d195d9ffffffffffffffffffffffff0100000001000000)
11,ObjectRef(2cbda1d2fc313ca8ffffffffffffffffffffffff0100000001000000)
12,ObjectRef(8615ef612312971cffffffffffffffffffffffff0100000001000000)
13,ObjectRef(a46bb8530f4064fdffffffffffffffffffffffff0100000001000000)
14,ObjectRef(c0ca37ae352c9211ffffffffffffffffffffffff0100000001000000)
15,ObjectRef(798376f73f71e22cffffffffffffffffffffffff0100000001000000)
16,ObjectRef(d99fa8d5c923d7c8ffffffffffffffffffffffff0100000001000000)
17,ObjectRef(aa5ec071964645d2ffffffffffffffffffffffff0100000001000000)
18,ObjectRef(e3a0a2b2c6761c99ffffffffffffffffffffffff0100000001000000)
19,ObjectRef(28241d0dda191e41ffffffffffffffffffffffff0100000001000000)
20,ObjectRef(aea28d72824b5c00ffffffffffffffffffffffff0100000001000000)
21,ObjectRef(6710354e78dd8e3affffffffffffffffffffffff0100000001000000)
22,ObjectRef(a2646843e7781738ffffffffffffffffffffffff0100000001000000)
23,ObjectRef(2f7fdef4e2df3f2bffffffffffffffffffffffff0100000001000000)
24,ObjectRef(9382939a56d17e30ffffffffffffffffffffffff0100000001000000)
25,ObjectRef(8c115ad83d29434cffffffffffffffffffffffff0100000001000000)
26,ObjectRef(ddbc5f4ddd8bc822ffffffffffffffffffffffff0100000001000000)
27,ObjectRef(c49845173a8098c6ffffffffffffffffffffffff0100000001000000)
28,ObjectRef(fc8c7156f41551baffffffffffffffffffffffff0100000001000000)
29,ObjectRef(a663af0e78d41c9bffffffffffffffffffffffff0100000001000000)
30,ObjectRef(58623fc2e4471617ffffffffffffffffffffffff0100000001000000)
31,ObjectRef(1c1ddc6e66f84651ffffffffffffffffffffffff0100000001000000)
32,ObjectRef(ca64000975ac685effffffffffffffffffffffff0100000001000000)
33,ObjectRef(851b0db9cd62dff4ffffffffffffffffffffffff0100000001000000)
34,ObjectRef(784ab83b8d7edddeffffffffffffffffffffffff0100000001000000)
35,ObjectRef(0fbe19ab9c441a0cffffffffffffffffffffffff0100000001000000)
36,ObjectRef(21619651c3041122ffffffffffffffffffffffff0100000001000000)
37,ObjectRef(708fb13a673cee7effffffffffffffffffffffff0100000001000000)
38,ObjectRef(b201204cd0b81117ffffffffffffffffffffffff0100000001000000)
39,ObjectRef(54fad8e04caadf90ffffffffffffffffffffffff0100000001000000)
40,ObjectRef(e2cd72c43a6f31f5ffffffffffffffffffffffff0100000001000000)
41,ObjectRef(25b84cb9aa5e69f5ffffffffffffffffffffffff0100000001000000)
42,ObjectRef(7c4c96ac2929ff38ffffffffffffffffffffffff0100000001000000)
43,ObjectRef(dcd3783cca18ed3bffffffffffffffffffffffff0100000001000000)
44,ObjectRef(108329ea52415dc5ffffffffffffffffffffffff0100000001000000)
45,ObjectRef(95dd8ba034904aadffffffffffffffffffffffff0100000001000000)
46,ObjectRef(8472ab6a797f8552ffffffffffffffffffffffff0100000001000000)
47,ObjectRef(4981393c971ad798ffffffffffffffffffffffff0100000001000000)
48,ObjectRef(a59ef665ac885d5bffffffffffffffffffffffff0100000001000000)
49,ObjectRef(9007684e17664ed1ffffffffffffffffffffffff0100000001000000)
50,ObjectRef(89dc65fc4da6f858ffffffffffffffffffffffff0100000001000000)
51,ObjectRef(01e9369bb0c0552effffffffffffffffffffffff0100000001000000)
52,ObjectRef(0679b3df551c5b77ffffffffffffffffffffffff0100000001000000)
53,ObjectRef(4ad7c7201fc23f7affffffffffffffffffffffff0100000001000000)
54,ObjectRef(2da6af935d828c52ffffffffffffffffffffffff0100000001000000)
55,ObjectRef(fd4c19b613a5b048ffffffffffffffffffffffff0100000001000000)
56,ObjectRef(9edcf1f49ddc3600ffffffffffffffffffffffff0100000001000000)
57,ObjectRef(a71ae2db54cf9fdbffffffffffffffffffffffff0100000001000000)
58,ObjectRef(06eefe3e2c455352ffffffffffffffffffffffff0100000001000000)
59,ObjectRef(6106482a15e5f283ffffffffffffffffffffffff0100000001000000)
60,ObjectRef(f5f7f1e698870db7ffffffffffffffffffffffff0100000001000000)
61,ObjectRef(3b9792828af13ad5ffffffffffffffffffffffff0100000001000000)
62,ObjectRef(1507e51846dad045ffffffffffffffffffffffff0100000001000000)
63,ObjectRef(648041369ca71979ffffffffffffffffffffffff0100000001000000)
64,ObjectRef(73566728519fd819ffffffffffffffffffffffff0100000001000000)
65,ObjectRef(6ac4a45aa8263166ffffffffffffffffffffffff0100000001000000)
66,ObjectRef(ccdb1ebee6211847ffffffffffffffffffffffff0100000001000000)
67,ObjectRef(ad275f68456395deffffffffffffffffffffffff0100000001000000)
68,ObjectRef(d0cc07993b31210dffffffffffffffffffffffff0100000001000000)
69,ObjectRef(aa3d54fc8a66be91ffffffffffffffffffffffff0100000001000000)
70,ObjectRef(b888db822d6cb570ffffffffffffffffffffffff0100000001000000)
71,ObjectRef(7baaf72767944862ffffffffffffffffffffffff0100000001000000)
72,ObjectRef(7657df3782a60d44ffffffffffffffffffffffff0100000001000000)
73,ObjectRef(852304542258e48cffffffffffffffffffffffff0100000001000000)
74,ObjectRef(96eec688321e7882ffffffffffffffffffffffff0100000001000000)
75,ObjectRef(e5b2fae6e42f6bbaffffffffffffffffffffffff0100000001000000)
76,ObjectRef(74701ed4b46295a6ffffffffffffffffffffffff0100000001000000)
77,ObjectRef(b53defeececf8bc6ffffffffffffffffffffffff0100000001000000)
78,ObjectRef(641105d6352e1cecffffffffffffffffffffffff0100000001000000)
79,ObjectRef(f173ee62d1d97be7ffffffffffffffffffffffff0100000001000000)
80,ObjectRef(692f535a66884eb7ffffffffffffffffffffffff0100000001000000)
81,ObjectRef(e36c19e9e03caebeffffffffffffffffffffffff0100000001000000)
82,ObjectRef(2ca6f68d2b906770ffffffffffffffffffffffff0100000001000000)
83,ObjectRef(ff79a3c11645664affffffffffffffffffffffff0100000001000000)
84,ObjectRef(ea19b1b85fbbce81ffffffffffffffffffffffff0100000001000000)
85,ObjectRef(4abf1de3f84b576dffffffffffffffffffffffff0100000001000000)
86,ObjectRef(e593db9b22e29786ffffffffffffffffffffffff0100000001000000)
87,ObjectRef(2587074a14f1fac4ffffffffffffffffffffffff0100000001000000)
88,ObjectRef(db682a6225df6b7bffffffffffffffffffffffff0100000001000000)
89,ObjectRef(84a35b042e7c1f96ffffffffffffffffffffffff0100000001000000)
90,ObjectRef(f13d10a8c5768e73ffffffffffffffffffffffff0100000001000000)
91,ObjectRef(2888f2a1da79ccc4ffffffffffffffffffffffff0100000001000000)
92,ObjectRef(3f533eb3320c85bdffffffffffffffffffffffff0100000001000000)
93,ObjectRef(78528c30de0812fbffffffffffffffffffffffff0100000001000000)
94,ObjectRef(cf730851a10eda94ffffffffffffffffffffffff0100000001000000)
95,ObjectRef(9a052468a029fa1affffffffffffffffffffffff0100000001000000)
96,ObjectRef(fe11703efe6adeaaffffffffffffffffffffffff0100000001000000)
97,ObjectRef(3712fc1866a0a000ffffffffffffffffffffffff0100000001000000)
98,ObjectRef(e219be1f3584101affffffffffffffffffffffff0100000001000000)
99,ObjectRef(68b26783d3fc6a42ffffffffffffffffffffffff0100000001000000)
